RMS,Median_Freq
1.1199187322538011,60.106837606837615
8.082237811908323,64.85042735042735
16.857302137885934,64.3162393162393
14.771196772171821,66.53846153846155
9.697566644495774,66.85897435897436
